<?xml version="1.0" encoding="UTF-8"?>
<!DOCTYPE mapper
  PUBLIC "-//mybatis.org//DTD Mapper 3.0//EN"
  "http://mybatis.org/dtd/mybatis-3-mapper.dtd">
  
<mapper namespace="com.my.kiosk.pay.repository.PayMapper">
    <select id="findAll" resultType="com.my.kiosk.pay.classes.Pay">
        SELECT * FROM pay
    </select>
    
    <select id="findById" parameterType="int" resultType="com.my.kiosk.pay.classes.Pay">
    	SELECT * FROM pay WHERE id = #{id}
	</select>
    
    <select id="findSizeById" parameterType="int" resultType="com.my.kiosk.global.classes.Size">
    	SELECT * FROM size WHERE id = #{id}
	</select>
	
	<select id="findPlaceById" parameterType="int" resultType="com.my.kiosk.place.classes.Place">
    	SELECT * FROM place WHERE id = #{id}
	</select>
	
	<select id="findPayDetailByPayId" parameterType="int" resultType="com.my.kiosk.pay.classes.PayDetail">
        SELECT * FROM pay_detail WHERE pay_id = #{id}
    </select>
    
    <select id="findMenuNameById" parameterType="int" resultType="java.lang.String">
        SELECT name FROM menu WHERE id = #{menuId}
    </select>

    <select id="findPayByDate" parameterType="java.time.LocalDateTime" resultType="com.my.kiosk.pay.classes.Pay">
        SELECT * FROM pay WHERE pay_date BETWEEN #{start} AND #{end}
    </select>
    
    <select id="findAllFast" resultType="com.my.kiosk.pay.classes.PayDTO">
	  SELECT 
	    p.id,
	    p.pay_method,
	    s.size,
	    s.price,
	    p.pay_date,
	    pl.name AS pay_place,
	    p.pay_num
	  FROM pay p
	  JOIN size s ON p.size_id = s.id
	  JOIN place pl ON p.place_id = pl.id
	</select>
	
	<select id="findPayFastByDate" resultType="com.my.kiosk.pay.classes.PayDTO" parameterType="map">
	  SELECT 
	    p.id,
	    p.pay_method,
	    s.size,
	    s.price,
	    p.pay_date,
	    pl.name AS pay_place,
	    p.pay_num
	  FROM pay p
	  JOIN size s ON p.size_id = s.id
	  JOIN place pl ON p.place_id = pl.id
	  WHERE p.pay_date BETWEEN #{start} AND #{end}
	</select>
	
    <!-- 결제정보넣기 테스트 -->
    <insert id="insert" parameterType="com.my.kiosk.pay.classes.Pay" useGeneratedKeys="true" keyProperty="id">
	    insert into pay (size_id, place_id, pay_method, pay_num, pay_date)
	    values (#{size_id}, #{place_id}, #{pay_method}, #{pay_num}, #{pay_date})
	</insert>
    
    <insert id="insertPayDetail">
    	insert into pay_detail values(null, #{pay_id}, #{menu})
    </insert>
    
    <!--     test       -->
</mapper>